{"cameraMode":{"drawMode":0,"name":"Shaded","section":"Shading Mode"},"sceneLighting":true,"audioPlay":false,"sceneViewState":{"showFog":true,"showMaterialUpdate":false,"showSkybox":true,"showFlares":true,"showImageEffects":true,"showParticleSystems":true},"in2DMode":false,"pivot":{"x":-3.6215782165527345,"y":-2.384824752807617,"z":-16.082725524902345},"rotation":{"x":0.24085833132266999,"y":-0.645317792892456,"z":0.22559301555156709,"w":0.6889683604240418},"size":35.89338684082031,"orthographic":false}